{"__className":"WiziCore_FormFullResult","form":{"id_form":"c50173a6-eb35-4977-ab9e-970c84964652","id_user":"333bb668-5ed6-4641-b026-9acdb5646103","version":4,"name":"testCordova","pages":null,"id_folder":"2f7387cb-6883-4378-a631-36eb89a49aed","repeates":null,"queries":null,"theme":"2a2bcb5f-ed09-4d4f-a7f0-890b29384c30","actions":{"userCode":"\nfunction handler_application_onAppStarted(){\n\/\/app.receivedEvent('deviceready');\n        \n        \/\/ Read NDEF formatted NFC Tags\n        nfc.addNdefListener (\n            function (nfcEvent) {\n                var tag = nfcEvent.tag,\n                    ndefMessage = tag.ndefMessage;\n            \n                \/\/ dump the raw json of the message\n                \/\/ note: real code will need to decode\n                \/\/ the payload from each record\n                alert(JSON.stringify(ndefMessage));\n\n                \/\/ assuming the first record in the message has \n                \/\/ a payload that can be converted to a string.\n                alert(nfc.bytesToString(ndefMessage[0].payload).substring(3));\n            }, \n            function () { \/\/ success callback\n                alert(\"Waiting for NDEF tag\");\n            },\n            function (error) { \/\/ error callback\n                alert(\"Error adding NDEF listener \" + JSON.stringify(error));\n            }\n        );\n\/\/nfc.addNdefListener(callback, [onSuccess], [onFailure]);\t\n}\n","genCode":"","system":[{"objectid":"w7bo096p0e1zil07pc6orw8r5wa5yw7lupu9","actionid":"click","handler":"handler_actionBtn1_onClick","actions":{"alias":"widget_event_onclick","funcview":"onClick","action":"AC.Widgets.Base.onClick","params":"mouseev","group":"widget_event_mouse"},"editingType":"Javascript"},{"objectid":"c50173a6-eb35-4977-ab9e-970c84964652","actionid":"onAppStarted","handler":"handler_application_onAppStarted","actions":{"alias":"widget_event_onappstarted","funcview":"onAppStarted","action":"AC.Widgets.WiziCore_Api_Form.onAppStarted","params":"","group":"widget_event_general"},"editingType":"Javascript"}],"userServerCode":null,"clientScripts":{"files":{"page1":"\nfunction handler_actionBtn1_onClick(mouseev){\n    alert('hello world');\t\n}\n"},"folders":[]},"serverScripts":null},"pageTarget":null,"redirectUrl":null,"defaultPage":"w5sk1gprmoaqze8tzyxqbbo3g8lu38qso-g5","backgroundImage":null,"backgroundColor":null,"backgroundRformMepeat":null,"facebookName":null,"hasStorage":"None","instanceTitleTemplate":"","dataSchema":[],"applicationRelationships":null,"integrityHandling":"message","uniquenessMessage":"","mandatoryMessage":"","views":[],"loginFormId":null,"renderCharts":null,"highlightOpacity":20,"highlightColor":null,"validateMessage":null,"liveName":null,"workflow":null,"shortUrl":"http:\/\/acft.ws\/adcrb","gaAccountId":"","gmapsApiKey":"","orientation":"any","fullScreen":false,"filesList":null,"htmlHead":"","autoFocus":true,"mobileSplash":{"mobile":"Default","desktop":"Default"},"desktopSplash":"Default","twirlyThingOptions":null,"linkedExportApp":null,"displayHourglassOver":"widget","advertising":null,"badKeywords":false,"roles":[],"layout":"vertical","userAccess":[{"id_subject":"00000000-0000-0000-0000-000000000000","subject_type":"u","type":"createInstances","value":"a","id_object":"c50173a6-eb35-4977-ab9e-970c84964652"},{"id_subject":"00000000-0000-0000-0000-000000000000","subject_type":"u","type":"use","value":"a","id_object":"c50173a6-eb35-4977-ab9e-970c84964652"}],"language":null,"phoneGapOptions":{"orientation":"any","fullScreen":false},"children":[{"id":"w5sk1gprmoaqze8tzyxqbbo3g8lu38qso-g5","name":"page1","width":"","height":"","bgColor":null,"shadow":null,"font":null,"centered":false,"widgetStyle":"default","snapToGrid":false,"gridSize":[5,5],"customCssClasses":"","widgetClass":"WiziCore_Api_Page","displayHourglassOver":"inherit","fullScreenHeight":false,"transitionMode":"auto","autoPageJump":"","autoJumpTime":0,"gaTrackCode":"","children":[{"x":115,"y":124,"width":"150","height":"55","zindex":2,"content":"Button","enable":true,"anchors":{"left":true,"top":true,"bottom":false,"right":false},"name":"actionBtn1","visible":true,"widgetStyle":"default","customCssClasses":"","displayHourglassOver":"inherit","dragAndDrop":false,"resizing":false,"opacity":1,"isField":false,"pWidth":"","margin":"","alignInContainer":"left","mobileTheme":"c","icon":"none","iconPosition":"left","id":"w7bo096p0e1zil07pc6orw8r5wa5yw7lupu9","tabindex":1,"widgetClass":"WiziCore_UI_ActionButtonMobileWidget","repeat":false}]}],"authProviders":null,"parseAppId":null,"parseApiKey":null},"theme":{"__className":"WiziApp_Theme","id_theme":"2a2bcb5f-ed09-4d4f-a7f0-890b29384c30","name":"Mobile","id_user":"333bb668-5ed6-4641-b026-9acdb5646103","url":"\/2a2bcb5f-ed09-4d4f-a7f0-890b29384c300"},"themeContent":{"WiziCore_UI_SliderVWidget":{"87":{"bgColor":"#943994","borderColor":"#000000","hoverColor":"","defaultColor":"#d653d6"},"default":{"bgColor":"#8c8c8c","borderColor":"#000000","hoverColor":"","defaultColor":"#bfbfbf"}},"WiziCore_UI_CollapsibleMobileWidget":{"Blue":{"pWidth":95,"minWidth":"","maxWidth":"","opacity":0.8,"margin":"","mobileTheme":"b","highlightExpanded":false,"hourglassImage":"Default"},"CentredGrey95%":{"pWidth":95,"minWidth":"","maxWidth":"","opacity":1,"margin":"","mobileTheme":"c","highlightExpanded":false,"hourglassImage":"Default"},"default":{"pWidth":"","opacity":1,"margin":"","mobileTheme":"a","hourglassImage":"Default"}},"WiziCore_UI_LabelWidget":{"Bold Body":{"background_color":"","fontColor":"","font":"bold 15px Arial"},"default":{"background_color":"","fontColor":"","font":""},"Sub Title":{"pWidth":"","opacity":1,"hrefColor":"","paragraphSpacing":"","font":"normal 18px Arial","fontColor":"#000000","margin":"6px 0px 0px 20px","bgColor":"","lineHeight":"","hourglassImage":"Default","letterSpacing":""},"Title":{"pWidth":"","opacity":"","hrefColor":"","paragraphSpacing":"","font":"normal 32px Arial","fontColor":"#ffffff","margin":"","bgColor":"","lineHeight":"","hourglassImage":"","letterSpacing":""}},"WiziCore_Widget_Container":{"default":{"pWidth":100,"opacity":1,"hourglassImage":""}},"WiziCore_UI_ActionButtonMobileWidget":{"default":{"pWidth":"","opacity":"","margin":"","mobileTheme":"c","icon":"none","iconPosition":"left"}},"dhtmlxtree":{"default":[]},"dhtmlxtreegrid_pro":{"default":[]},"WiziCore_UI_ContainerMobileWidget":{"default":{"pWidth":"100","opacity":1,"border":"","borderRadius":"0","margin":"","mobileTheme":"a","hourglassImage":"Default"}},"WiziCore_UI_PanelContainerWidget":{"default":{"pWidth":"","opacity":1,"border":"1px solid gray","borderRadius":"0","margin":"","bgColor":"#f7f7f7","backgroundImage":"","backgroundRepeat":"","hourglassImage":"Default"}},"WiziCore_UI_GoogleMapsWidget":{"default":{"pWidth":"","opacity":1,"border":"","shadow":"","margin":"","bgColor":""}},"WiziCore_UI_ImgQrCodeWidget":{"default":{"opacity":1,"border":"","margin":"","hourglassImage":"","font":"","hrefColor":""}},"WiziCore_UI_ShapeWidget":{"default":{"pWidth":"","opacity":1,"font":"","fontColor":"","margin":"","border":"1px solid #000000","borderRadius":"","bgColor":"","hourglassImage":"Default"}},"WiziCore_UI_RepeatContainerWidget":{"default":{"pWidth":98,"border":"1px solid gray","borderRadius":"","margin":"","bgColor":"","blockBgColor":"","blockAlternativeBgColor":"","blockBorder":"","blockAlternativeBorder":"","blockBorderRadius":"","blockAlternativeBorderRadius":"","separatingLineWidth":"","separatingLineColor":"#000000","backgroundImage":"","backgroundRepeat":"","opacity":1,"hourglassImage":"Default"}},"WiziCore_UI_TableLayoutWidget":{"default":{"pWidth":"","opacity":1,"margin":"","border":"none","borderRadius":"0","bgColor":"transparent","backgroundImage":"","backgroundRepeat":"","hourglassImage":"Default"}},"WiziCore_UI_CheckBoxGroupMobileWidget":{"default":{"pWidth":"","opacity":1,"margin":"","mobileTheme":"c"}},"WiziCore_UI_NavBarMobileWidget":{"default":{"pWidth":100,"opacity":"","useImage":"","margin":"","mobileTheme":"a","iconPosition":"top"}},"jquery-ui":{"default":[]},"jquery-wizi-default":{"default":[]},"WiziCore_Api_Form":{"default":{"fDefault":"","color":"","bgColor":""}},"WiziCore_UI_RadioWidget":{"default":{"background_color":"","fontColor":"","font":""}},"WiziCore_UI_CheckBoxWidget":{"default":{"background_color":"","fontColor":"","font":""}},"WiziCore_UI_TextWidget":{"default":{"background_color":"#f7f7f7","fontColor":"","font":"","border":"1px solid #bfbfbf"},"Georgia":{"pWidth":"","minWidth":"","maxWidth":"","opacity":1,"customCssClasses":"","shadow":"","font":"normal 13px Arial","fontColor":"#424242","margin":"","border":"1px solid #bfbfbf","borderRadius":"0","bgColor":"#f7f7f7","displayHourglassOver":"inherit","hourglassImage":"Default"}},"WiziCore_UI_TextAreaWidget":{"default":{"background_color":"#f7f7f7","fontColor":"","font":"","border":"1px solid #bfbfbf"}},"WiziCore_UI_TextANumWidget":{"default":{"background_color":"#f7f7f7","fontColor":"","font":"","border":"1px solid #bfbfbf"}},"WiziCore_UI_ButtonWidget":{"default":{"background_color":"","fontColor":"","font":"","border":""}},"WiziCore_UI_ResetButtonWidget":{"default":{"background_color":"#db2edb","fontColor":"#ffffff","font":"normal 13.2px Tahoma","border":"","borderRadius":23.1}},"WiziCore_UI_DatePickerWidget":{"default":{"background_color":"#f7f7f7","fontColor":"","font":"","border":"1px solid #a8a8a8"}},"WiziCore_UI_ListBoxWidget":{"default":{"background_color":"#f7f7f7","border":"1px solid #a8a8a8","fontColor":"","font":"","selectedBg":"#787878","selectedFont":"","selectedColor":"#ffffff"}},"WiziCore_UI_ComboBoxWidget":{"default":{"background_color":"","fontColor":"","font":"","border":""}},"WiziCore_UI_GridWidget":{"default":{"defaultHeaderFont":"","defaultDataFont":"","defaultDataColor":"","alternativeRowBgColor":""}},"WiziCore_UI_MaskEditWidget":{"default":{"background_color":"#f7f7f7","fontColor":"","font":"","border":"1px solid #a8a8a8"}},"WiziCore_UI_AudioWidget":{"default":{"background_image_play":"","background_image_pause":"","background_image_stop":""}},"WiziCore_UI_FileUploadWidget":{"default":{"displayOptions":"OpenFilename","attachText":"File","deattachText":"Reset","stopText":"Stop","btnLocation":"right","fileTypes":"","opacity":1,"font":"","fontColor":"","margin":"","border":"","borderRadius":"0","bgColor":"","btnColor":"","btnFont":"","hourglassImage":"Default"}},"WiziCore_UI_DataContainerWidget":{"default":{"pWidth":"","opacity":1,"border":"","borderRadius":"","margin":"","bgColor":"","hourglassImage":"Default"}},"WiziCore_UI_flotChartBaseWidget":{"default":{"xAxisName":"","xAxisNamePadding":"","labelPadding":"","labelStep":"1","xNumDivLines":"","xDivLineThickness":"","xDivLineColor":"","xDivLineAlpha":"","yAxisName":"","yAxisNamePadding":"","rotateYAxisName":"","yAxisMinValue":"","yAxisMaxValue":"","setAdaptiveYMin":"","showYAxisValues":true,"yAxisValuesStep":"","yNumDivLines":"","yDivLineThickness":"","yDivLineColor":"","yDivLineAlpha":"","bgColor":"","bgAlpha":"","bgTransparent":"","bgImage":"","legendPosition":"","legendBgColor":"","legendBgAlpha":"","legendBorderThickness":"","showBorder":"","borderColor":"","borderThickness":"","borderAlpha":"","palette":"","useRoundEdges":"","chartTopMargin":"","chartBottomMargin":"","chartLeftMargin":"","chartRightMargin":"","valuePadding":"","numberScaleValue":"","numberScaleUnit":"","enableSmartLabels":true,"numberPrefix":"","numberSuffix":"","rotateValues":"","placeValuesInside":"","showCanvasBg":"","canvasBorderColor":"","canvasBorderThickness":"","canvasBorderAlpha":"","canvasBgColor":"","canvasBgAlpha":"","canvasBgRatio":"","canvasBgAngle":"","canvasPadding":"","plotGradientColor":"","showPlotBorder":"","rangeValues":""}},"WiziCore_UI_NextButtonWidget":{"default":{"pWidth":"","opacity":"","font":"normal 18px Arial","fontColor":"#636163","margin":"","border":"1px solid gray","borderRadius":10.1,"bgColor":"#f7f7f7","hourglassImage":""}},"WiziCore_UI_fChartColumnWidget":{"default":{"xAxisName":"","xAxisNamePadding":"","labelPadding":"","labelStep":"1","xNumDivLines":"","xDivLineThickness":"","xDivLineColor":"","xDivLineAlpha":"","yAxisName":"","yAxisNamePadding":"","rotateYAxisName":"","yAxisMinValue":"","yAxisMaxValue":"","setAdaptiveYMin":"","showYAxisValues":true,"yAxisValuesStep":"","yNumDivLines":"","yDivLineThickness":"","yDivLineColor":"","yDivLineAlpha":"","bgColor":"","bgAlpha":"","bgTransparent":"","bgImage":"","showLegend":"","legendBgColor":"","legendBgAlpha":"","legendBorderThickness":"","showBorder":"","borderColor":"","borderThickness":"","borderAlpha":"","palette":"","useRoundEdges":"","chartTopMargin":"","chartBottomMargin":"","chartLeftMargin":"","chartRightMargin":"","valuePadding":"","numberScaleValue":"","numberScaleUnit":"","enableSmartLabels":true,"numberPrefix":"","numberSuffix":"","rotateValues":"","placeValuesInside":"","showCanvasBg":"","canvasBorderColor":"","canvasBorderThickness":"","canvasBorderAlpha":"","canvasBgColor":"","canvasBgAlpha":"","canvasBgRatio":"","canvasBgAngle":"","canvasPadding":"","plotGradientColor":"","showPlotBorder":"","rangeValues":""}},"WiziCore_UI_CheckBoxMobileWidget":{"default":{"pWidth":"","minWidth":"","maxWidth":"","opacity":1,"margin":"","mobileTheme":"c","displayHourglassOver":"inherit","customCssClasses":""}},"colorpicker":{"default":[]},"dhtmlxcombo":{"default":[]},"HTML":{"default":{"pWidth":"","minWidth":"","maxWidth":"","opacity":1,"margin":"","border":"1px solid gray","bgColor":"#ffffff","customCssClasses":""}},"Zingchart":{"default":{"pWidth":"","minWidth":"","maxWidth":"","opacity":1,"margin":"","border":"1px solid gray","customCssClasses":""}},"Advertising":{"default":{"advertising":"","opacity":1}},"ContainerForTable":{"default":{"pWidth":"","minWidth":"","maxWidth":"","maxHeight":"","padding":"","displayHourglassOver":"","hourglassImage":"","customCssClasses":""}},"ShareThis":{"default":{"pWidth":"","minWidth":"","maxWidth":"","opacity":1,"margin":"","border":"none","customCssClasses":""}},"CircleMenu":{"default":{"pWidth":"","minWidth":"","maxWidth":"","opacity":1,"margin":"","border":"none","bgColor":"#ffffff","font":"normal 12px verdana","fontColor":"white","itemBgColor":"#000000","customCssClasses":""}},"ContainerForRepeater":{"default":{"pWidth":"","minWidth":"","maxWidth":"","maxHeight":"","padding":"","displayHourglassOver":"","hourglassImage":"","customCssClasses":""}},"HTML5Audio":{"default":{"pWidth":"","minWidth":"","maxWidth":"","opacity":0.8,"margin":"","bgColor":"#000000","customCssClasses":""}},"jPlayer":{"default":{"pWidth":"","minWidth":"","maxWidth":"","opacity":0.8,"margin":"","bgColor":"#000000","customCssClasses":""}},"jquery.autocomplete":{"default":[]},"WiziCore_UI_fChartLineWidget":{"default":{"xAxisName":"","xAxisNamePadding":"","labelPadding":"","labelStep":"","xNumDivLines":"","xDivLineThickness":"","xDivLineColor":"","xDivLineAlpha":"","yAxisName":"","yAxisNamePadding":"","rotateYAxisName":"","yAxisMinValue":"","yAxisMaxValue":"","setAdaptiveYMin":"","showYAxisValues":true,"yAxisValuesStep":"","yNumDivLines":"","yDivLineThickness":"","yDivLineColor":"","yDivLineAlpha":"","bgColor":"","bgAlpha":"","bgTransparent":"","bgImage":"","showLegend":"","legendBgColor":"","legendBgAlpha":"","legendBorderThickness":"","showBorder":"","borderColor":"","borderThickness":"","borderAlpha":"","palette":"","useRoundEdges":"","chartTopMargin":"","chartBottomMargin":"","chartLeftMargin":"","chartRightMargin":"","valuePadding":"","numberScaleValue":"","numberScaleUnit":"","enableSmartLabels":true,"numberPrefix":"","numberSuffix":"","rotateValues":"","placeValuesInside":"","showCanvasBg":"","canvasBorderColor":"","canvasBorderThickness":"","canvasBorderAlpha":"","canvasBgColor":"","canvasBgAlpha":"","canvasBgRatio":"","canvasBgAngle":"","canvasPadding":"0","plotGradientColor":"","showPlotBorder":"","rangeValues":""}},"WiziCore_UI_fChartAreaWidget":{"default":{"xAxisName":"","xAxisNamePadding":"","labelPadding":"","labelStep":"","xNumDivLines":"","xDivLineThickness":"","xDivLineColor":"","xDivLineAlpha":"","yAxisName":"","yAxisNamePadding":"","rotateYAxisName":"","yAxisMinValue":"","yAxisMaxValue":"","setAdaptiveYMin":"","showYAxisValues":true,"yAxisValuesStep":"","yNumDivLines":"","yDivLineThickness":"","yDivLineColor":"","yDivLineAlpha":"","bgColor":"","bgAlpha":"","bgTransparent":"","bgImage":"","showLegend":"","legendBgColor":"","legendBgAlpha":"","legendBorderThickness":"","showBorder":"","borderColor":"","borderThickness":"","borderAlpha":"","palette":"","useRoundEdges":"","chartTopMargin":"","chartBottomMargin":"","chartLeftMargin":"","chartRightMargin":"","valuePadding":"","numberScaleValue":"","numberScaleUnit":"","enableSmartLabels":"","numberPrefix":"","numberSuffix":"","rotateValues":"","placeValuesInside":"","showCanvasBg":"","canvasBorderColor":"","canvasBorderThickness":"","canvasBorderAlpha":"","canvasBgColor":"","canvasBgAlpha":"","canvasBgRatio":"","canvasBgAngle":"","canvasPadding":"","plotGradientColor":"","showPlotBorder":"","rangeValues":{"rows":[{"id":1,"data":["1",null,null],"ind":1},{"id":2,"data":["2",null,null],"ind":2}]}}},"WiziCore_UI_fChartBarWidget":{"default":{"rangeValues":""}},"WiziCore_UI_AccordionWidget":{"default":{"pWidth":"","opacity":1,"font":"normal 13px Verdana","margin":"","headerFontColor":"","bgColor":"","border":"","headerBGColors":{"useColors":true,"colors":["#aaaaaa","bbbbbb"]},"headerBorderRadius":"","sectionBGColor":"","contentBorderRadius":"","hourglassImage":"Default"}},"WiziCore_UI_fChartPieWidget":{"default":{"xAxisName":"","xAxisNamePadding":"","labelPadding":"","labelStep":"","xNumDivLines":"","xDivLineThickness":"","xDivLineColor":"","xDivLineAlpha":"","yAxisName":"","yAxisNamePadding":"","rotateYAxisName":"","yAxisMinValue":"","yAxisMaxValue":"","setAdaptiveYMin":"","showYAxisValues":"","yAxisValuesStep":"","yNumDivLines":"","yDivLineThickness":"","yDivLineColor":"","yDivLineAlpha":"","bgColor":"","bgAlpha":"","bgTransparent":"","bgImage":"","showLegend":"","legendBgColor":"","legendBgAlpha":"","legendBorderThickness":"","showBorder":"","borderColor":"","borderThickness":"","borderAlpha":"","palette":"","useRoundEdges":"","chartTopMargin":"","chartBottomMargin":"","chartLeftMargin":"","chartRightMargin":"","valuePadding":"","numberScaleValue":"","numberScaleUnit":"","enableSmartLabels":true,"numberPrefix":"","numberSuffix":"","rotateValues":"","placeValuesInside":"","showCanvasBg":"","canvasBorderColor":"","canvasBorderThickness":"","canvasBorderAlpha":"","canvasBgColor":"","canvasBgAlpha":"","canvasBgRatio":"","canvasBgAngle":"","canvasPadding":"","plotGradientColor":"","showPlotBorder":"","rangeValues":""}},"WiziCore_UI_fGaugeTermWidget":{"default":{"setAdaptiveMin":"","upperLimit":"","lowerLimit":"","upperLimitDisplay":"","lowerLimitDisplay":"","showTickMarks":"","showTickValues":"","showLimits":"","adjustTM":"","ticksBelowGauge":"","placeTicksInside":"","placeValuesInside":"","majorTMNumber":"","majorTMColor":"","majorTMAlpha":"","majorTMHeight":"","majorTMThickness":"","minorTMNumber":"","minorTMColor":"","minorTMAlpha":"","minorTMHeight":"","minorTMThickness":"","tickMarkDistance":"","tickValueDistance":"","trendValueDistance":"","tickValueStep":"","tickValueDecimals":"","forceTickValueDecimals":"","numberPrefix":"","numberSuffix":"","bgColor":"","bgAlpha":"","bgTransparent":true,"bgImage":"","showLegend":"","legendBgColor":"","legendBgAlpha":"","legendBorderThickness":"","showBorder":"","borderColor":"","borderThickness":"","borderAlpha":"","palette":"","useRoundEdges":"","chartTopMargin":"","chartBottomMargin":"","chartLeftMargin":"","chartRightMargin":"","valuePadding":"","numberScaleValue":"","numberScaleUnit":"","enableSmartLabels":"","rotateValues":"","showCanvasBg":"","canvasBorderColor":"","canvasBorderThickness":"","canvasBorderAlpha":"","canvasBgColor":"","canvasBgAlpha":"","canvasBgRatio":"","canvasBgAngle":"","canvasPadding":"","plotGradientColor":"","showPlotBorder":"","rangeValues":{"rows":[{"id":1,"data":["1",null,20],"ind":1},{"id":2,"data":["2",null,33],"ind":2}]}}},"WiziCore_UI_fGaugeBulbWidget":{"default":{"setAdaptiveMin":"","upperLimit":"","lowerLimit":"","upperLimitDisplay":"","lowerLimitDisplay":"","showTickMarks":"","showTickValues":"","showLimits":"","adjustTM":"","ticksBelowGauge":"","placeTicksInside":"","placeValuesInside":"","majorTMNumber":"","majorTMColor":"","majorTMAlpha":"","majorTMHeight":"","majorTMThickness":"","minorTMNumber":"","minorTMColor":"","minorTMAlpha":"","minorTMHeight":"","minorTMThickness":"","tickMarkDistance":"","tickValueDistance":"","trendValueDistance":"","tickValueStep":"","tickValueDecimals":"","forceTickValueDecimals":"","numberPrefix":"","numberSuffix":"","bgColor":"","bgAlpha":"","bgTransparent":true,"bgImage":"","showLegend":"","legendBgColor":"","legendBgAlpha":"","legendBorderThickness":"","showBorder":"","borderColor":"","borderThickness":"","borderAlpha":"","palette":"","useRoundEdges":"","chartTopMargin":"","chartBottomMargin":"","chartLeftMargin":"","chartRightMargin":"","valuePadding":"","numberScaleValue":"","numberScaleUnit":"","enableSmartLabels":"","rotateValues":"","showCanvasBg":"","canvasBorderColor":"","canvasBorderThickness":"","canvasBorderAlpha":"","canvasBgColor":"","canvasBgAlpha":"","canvasBgRatio":"","canvasBgAngle":"","canvasPadding":"","plotGradientColor":"","showPlotBorder":"","rangeValues":{"rows":[{"id":1,"data":["1",null,10],"ind":1},{"id":2,"data":["2",null,20],"ind":2},{"id":3,"data":["3",null,30],"ind":3}]}}},"WiziCore_UI_ImgWidget":{"default":{"border":""}},"WiziCore_UI_SliderHWidget":{"default":{"bgColor":"#8c8c8c","borderColor":"","hoverColor":"","defaultColor":""},"sdf":{"bgColor":"#751375","borderColor":"","hoverColor":"","defaultColor":""}},"WiziCore_UI_fChartDoughnutWidget":{"default":{"xAxisName":"","xAxisNamePadding":"","labelPadding":"","labelStep":"","xNumDivLines":"","xDivLineThickness":"","xDivLineColor":"","xDivLineAlpha":"","yAxisName":"","yAxisNamePadding":"","rotateYAxisName":"","yAxisMinValue":"","yAxisMaxValue":"","setAdaptiveYMin":"","showYAxisValues":"","yAxisValuesStep":"","yNumDivLines":"","yDivLineThickness":"","yDivLineColor":"","yDivLineAlpha":"","bgColor":"","bgAlpha":"","bgTransparent":"","bgImage":"","showLegend":"","legendBgColor":"","legendBgAlpha":"","legendBorderThickness":"","showBorder":"","borderColor":"","borderThickness":"","borderAlpha":"","palette":"","useRoundEdges":"","chartTopMargin":"","chartBottomMargin":"","chartLeftMargin":"","chartRightMargin":"","valuePadding":"","numberScaleValue":"","numberScaleUnit":"","enableSmartLabels":true,"numberPrefix":"","numberSuffix":"","rotateValues":"","placeValuesInside":"","showCanvasBg":"","canvasBorderColor":"","canvasBorderThickness":"","canvasBorderAlpha":"","canvasBgColor":"","canvasBgAlpha":"","canvasBgRatio":"","canvasBgAngle":"","canvasPadding":"","plotGradientColor":"","showPlotBorder":"","rangeValues":""}},"WiziCore_UI_fChartRadarWidget":{"default":{"xAxisName":"","xAxisNamePadding":"","labelPadding":"","labelStep":"","xNumDivLines":"","xDivLineThickness":"","xDivLineColor":"","xDivLineAlpha":"","yAxisName":"","yAxisNamePadding":"","rotateYAxisName":"","yAxisMinValue":"","yAxisMaxValue":"","setAdaptiveYMin":"","showYAxisValues":"","yAxisValuesStep":"","yNumDivLines":"","yDivLineThickness":"","yDivLineColor":"","yDivLineAlpha":"","bgColor":"","bgAlpha":"","bgTransparent":"","bgImage":"","showLegend":"","legendBgColor":"","legendBgAlpha":"","legendBorderThickness":"","showBorder":"","borderColor":"","borderThickness":"","borderAlpha":"","palette":"","useRoundEdges":"","chartTopMargin":"","chartBottomMargin":"","chartLeftMargin":"","chartRightMargin":"","valuePadding":"","numberScaleValue":"","numberScaleUnit":"","enableSmartLabels":true,"numberPrefix":"","numberSuffix":"","rotateValues":"","placeValuesInside":"","showCanvasBg":"","canvasBorderColor":"","canvasBorderThickness":"","canvasBorderAlpha":"","canvasBgColor":"","canvasBgAlpha":"","canvasBgRatio":"","canvasBgAngle":"","canvasPadding":"","plotGradientColor":"","showPlotBorder":"","rangeValues":""}},"WiziCore_UI_fGaugeLedWidget":{"default":{"setAdaptiveMin":"","upperLimit":"","lowerLimit":"","upperLimitDisplay":"","lowerLimitDisplay":"","showTickMarks":true,"showTickValues":true,"showLimits":true,"adjustTM":"","ticksBelowGauge":true,"placeTicksInside":"","placeValuesInside":"","majorTMNumber":"","majorTMColor":"","majorTMAlpha":"","majorTMHeight":"","majorTMThickness":"","minorTMNumber":"","minorTMColor":"","minorTMAlpha":"","minorTMHeight":"","minorTMThickness":"","tickMarkDistance":"","tickValueDistance":"","trendValueDistance":"","tickValueStep":"","tickValueDecimals":"","forceTickValueDecimals":"","numberPrefix":"","numberSuffix":"","bgColor":"","bgAlpha":"","bgTransparent":true,"bgImage":"","showLegend":true,"legendBgColor":"","legendBgAlpha":"","legendBorderThickness":"","showBorder":"","borderColor":"","borderThickness":"","borderAlpha":"","palette":"","useRoundEdges":"","chartTopMargin":"","chartBottomMargin":"","chartLeftMargin":"","chartRightMargin":"","valuePadding":"","numberScaleValue":"","numberScaleUnit":"","enableSmartLabels":"","rotateValues":"","showCanvasBg":"","canvasBorderColor":"","canvasBorderThickness":"","canvasBorderAlpha":"","canvasBgColor":"","canvasBgAlpha":"","canvasBgRatio":"","canvasBgAngle":"","canvasPadding":"","plotGradientColor":"","showPlotBorder":"","rangeValues":{"rows":[{"id":1,"data":["1",null,10],"ind":1},{"id":2,"data":["2",null,20],"ind":2},{"id":3,"data":["3",null,30],"ind":3}]}}},"WiziCore_UI_TextMobileWidget":{"default":{"pWidth":"","opacity":1,"margin":"","mobileTheme":"c"}},"WiziCore_UI_PopupDropdownMobileWidget":{"default":{"pWidth":"","opacity":"","margin":"","mobileTheme":"c"}},"WiziCore_UI_fGaugeFunnelWidget":{"default":{"setAdaptiveMin":"","upperLimit":"","lowerLimit":"","upperLimitDisplay":"","lowerLimitDisplay":"","showTickMarks":"","showTickValues":"","showLimits":"","adjustTM":"","ticksBelowGauge":"","placeTicksInside":"","placeValuesInside":"","majorTMNumber":"","majorTMColor":"","majorTMAlpha":"","majorTMHeight":"","majorTMThickness":"","minorTMNumber":"","minorTMColor":"","minorTMAlpha":"","minorTMHeight":"","minorTMThickness":"","tickMarkDistance":"","tickValueDistance":"","trendValueDistance":"","tickValueStep":"","tickValueDecimals":"","forceTickValueDecimals":"","numberPrefix":"","numberSuffix":"","bgColor":"","bgAlpha":"","bgTransparent":true,"bgImage":"","showLegend":"","legendBgColor":"","legendBgAlpha":"","legendBorderThickness":"","showBorder":"","borderColor":"","borderThickness":"","borderAlpha":"","palette":"","useRoundEdges":"","chartTopMargin":"","chartBottomMargin":"","chartLeftMargin":"","chartRightMargin":"","valuePadding":"","numberScaleValue":"","numberScaleUnit":"","enableSmartLabels":true,"rotateValues":"","showCanvasBg":"","canvasBorderColor":"","canvasBorderThickness":"","canvasBorderAlpha":"","canvasBgColor":"","canvasBgAlpha":"","canvasBgRatio":"","canvasBgAngle":"","canvasPadding":"","plotGradientColor":"","showPlotBorder":"","rangeValues":""}},"WiziCore_Api_Page":{"default":{"width":308,"height":600,"layout":"vertical","pWidth":100,"bgColor":"#ffffff","backgroundImage":"","backgroundRepeat":"","font":"normal 13px Arial","fontColor":"#424242","shadow":"3px 3px 4px #757575","border":"","borderRadius":"","centered":false},"iphonePage":{"width":308,"height":600,"layout":"vertical","pWidth":100,"fullScreenHeight":"","transitionMode":"","bgColor":"#ffffff","backgroundImage":"","backgroundRepeat":"","font":"normal 13px Arial","fontColor":"#424242","shadow":"3px 3px 4px #757575","border":"","borderRadius":"","padding":"","centered":false,"displayHourglassOver":"","customCssClasses":""},"iphonePage2":{"width":320,"height":480,"layout":"vertical","pWidth":100,"fullScreenHeight":"","transitionMode":"","bgColor":"#ffffff","backgroundImage":"","backgroundRepeat":"","font":"normal 13px Arial","fontColor":"#424242","shadow":"3px 3px 4px #757575","border":"","borderRadius":"","padding":"","centered":false,"displayHourglassOver":"","customCssClasses":""},"Mini Page":{"width":"350","height":"400","background_color":"#ffffff","shadow":"3px 3px 4px #757575","fontColor":"#424242","font":"normal 13px Arial","bgColor":""},"TestStyle1":{"width":308,"height":600,"layout":"vertical","pWidth":100,"bgColor":"#ffffff","backgroundImage":"","backgroundRepeat":"","font":"normal 13px Arial","fontColor":"#424242","shadow":"3px 3px 4px #757575","border":"","borderRadius":"","centered":false},"TestStyle2":{"width":308,"height":600,"layout":"vertical","pWidth":100,"bgColor":"#ffffff","backgroundImage":"","backgroundRepeat":"","font":"normal 13px Arial","fontColor":"#424242","shadow":"3px 3px 4px #757575","border":"","borderRadius":"","centered":false}},"WiziCore_UI_fGaugePyramidWidget":{"default":{"setAdaptiveMin":"","upperLimit":"","lowerLimit":"","upperLimitDisplay":"","lowerLimitDisplay":"","showTickMarks":"","showTickValues":"","showLimits":"","adjustTM":"","ticksBelowGauge":"","placeTicksInside":"","placeValuesInside":"","majorTMNumber":"","majorTMColor":"","majorTMAlpha":"","majorTMHeight":"","majorTMThickness":"","minorTMNumber":"","minorTMColor":"","minorTMAlpha":"","minorTMHeight":"","minorTMThickness":"","tickMarkDistance":"","tickValueDistance":"","trendValueDistance":"","tickValueStep":"","tickValueDecimals":"","forceTickValueDecimals":"","numberPrefix":"","numberSuffix":"","bgColor":"","bgAlpha":"","bgTransparent":true,"bgImage":"","showLegend":"","legendBgColor":"","legendBgAlpha":"","legendBorderThickness":"","showBorder":"","borderColor":"","borderThickness":"","borderAlpha":"","palette":"","useRoundEdges":"","chartTopMargin":"","chartBottomMargin":"","chartLeftMargin":"","chartRightMargin":"","valuePadding":"","numberScaleValue":"","numberScaleUnit":"","enableSmartLabels":true,"rotateValues":"","showCanvasBg":"","canvasBorderColor":"","canvasBorderThickness":"","canvasBorderAlpha":"","canvasBgColor":"","canvasBgAlpha":"","canvasBgRatio":"","canvasBgAngle":"","canvasPadding":"","plotGradientColor":"","showPlotBorder":"","rangeValues":""}},"WiziCore_UI_fGaugeAngularWidget":{"default":{"setAdaptiveMin":"","upperLimit":"","lowerLimit":"","upperLimitDisplay":"","lowerLimitDisplay":"","showTickMarks":true,"showTickValues":true,"showLimits":true,"adjustTM":true,"ticksBelowGauge":"","placeTicksInside":"","placeValuesInside":"","majorTMNumber":"5","majorTMColor":"","majorTMAlpha":"","majorTMHeight":"","majorTMThickness":"","minorTMNumber":"","minorTMColor":"","minorTMAlpha":"","minorTMHeight":"","minorTMThickness":"","tickMarkDistance":"","tickValueDistance":"","trendValueDistance":"","tickValueStep":"","tickValueDecimals":"","forceTickValueDecimals":"","numberPrefix":"","numberSuffix":"","bgColor":"","bgAlpha":50,"bgTransparent":true,"bgImage":"","showLegend":true,"legendBgColor":"","legendBgAlpha":"","legendBorderThickness":"","showBorder":"","borderColor":"","borderThickness":"","borderAlpha":"","palette":"","useRoundEdges":"","chartTopMargin":"","chartBottomMargin":"","chartLeftMargin":"","chartRightMargin":"","valuePadding":"","numberScaleValue":"","numberScaleUnit":"","enableSmartLabels":"","rotateValues":"","showCanvasBg":"","canvasBorderColor":"","canvasBorderThickness":"","canvasBorderAlpha":"","canvasBgColor":"","canvasBgAlpha":"","canvasBgRatio":"","canvasBgAngle":"","canvasPadding":"","plotGradientColor":"","showPlotBorder":"","rangeValues":{"rows":[{"id":1,"data":["1",null,20],"ind":1},{"id":2,"data":["2",null,40],"ind":2}]}},"fgfg":{"setAdaptiveMin":"","upperLimit":"","lowerLimit":"","upperLimitDisplay":"","lowerLimitDisplay":"","showTickMarks":true,"showTickValues":true,"showLimits":true,"adjustTM":true,"ticksBelowGauge":"","placeTicksInside":"","placeValuesInside":"","majorTMNumber":"5","majorTMColor":"","majorTMAlpha":"","majorTMHeight":"","majorTMThickness":"","minorTMNumber":"","minorTMColor":"","minorTMAlpha":"","minorTMHeight":"","minorTMThickness":"","tickMarkDistance":"","tickValueDistance":"","trendValueDistance":"","tickValueStep":"","tickValueDecimals":"","forceTickValueDecimals":"","numberPrefix":"","numberSuffix":"","bgColor":"","bgAlpha":50,"bgTransparent":true,"bgImage":"","showLegend":true,"legendBgColor":"","legendBgAlpha":"","legendBorderThickness":"","showBorder":"","borderColor":"","borderThickness":"","borderAlpha":"","palette":"","useRoundEdges":"","chartTopMargin":"","chartBottomMargin":"","chartLeftMargin":"","chartRightMargin":"","valuePadding":"","numberScaleValue":"","numberScaleUnit":"","enableSmartLabels":"","rotateValues":"","showCanvasBg":"","canvasBorderColor":"","canvasBorderThickness":"","canvasBorderAlpha":"","canvasBgColor":"","canvasBgAlpha":"","canvasBgRatio":"","canvasBgAngle":"","canvasPadding":"","plotGradientColor":"","showPlotBorder":"","rangeValues":{"rows":[{"id":1,"data":["1",null,20],"ind":1},{"id":2,"data":["2",null,40],"ind":2}]}}},"_form":{"default":[]},"WiziCore_UI_fGaugeLinearWidget":{"default":{"setAdaptiveMin":"","upperLimit":"","lowerLimit":"","upperLimitDisplay":"","lowerLimitDisplay":"","showTickMarks":true,"showTickValues":true,"showLimits":true,"adjustTM":"","ticksBelowGauge":"","placeTicksInside":"","placeValuesInside":"","majorTMNumber":"","majorTMColor":"","majorTMAlpha":"","majorTMHeight":"","majorTMThickness":"","minorTMNumber":"","minorTMColor":"","minorTMAlpha":"","minorTMHeight":"","minorTMThickness":"","tickMarkDistance":"","tickValueDistance":"","trendValueDistance":"","tickValueStep":"","tickValueDecimals":"","forceTickValueDecimals":"","numberPrefix":"","numberSuffix":"","bgColor":"","bgAlpha":"","bgTransparent":true,"bgImage":"","showLegend":true,"legendBgColor":"","legendBgAlpha":"","legendBorderThickness":"","showBorder":"","borderColor":"","borderThickness":"","borderAlpha":"","palette":"","useRoundEdges":"","chartTopMargin":"","chartBottomMargin":"","chartLeftMargin":"","chartRightMargin":"","valuePadding":"","numberScaleValue":"","numberScaleUnit":"","enableSmartLabels":"","rotateValues":"","showCanvasBg":"","canvasBorderColor":"","canvasBorderThickness":"","canvasBorderAlpha":"","canvasBgColor":"","canvasBgAlpha":"","canvasBgRatio":"","canvasBgAngle":"","canvasPadding":"","plotGradientColor":"","showPlotBorder":"","rangeValues":{"rows":[{"id":1,"data":["1",null,20],"ind":1},{"id":2,"data":["2",null,40],"ind":2},{"id":3,"data":["3",null,60],"ind":3}]}}},"WiziCore_UI_fGaugeCylinderWidget":{"default":{"setAdaptiveMin":"","upperLimit":"","lowerLimit":"","upperLimitDisplay":"","lowerLimitDisplay":"","showTickMarks":"","showTickValues":true,"showLimits":"","adjustTM":"","ticksBelowGauge":"","placeTicksInside":"","placeValuesInside":"","majorTMNumber":"","majorTMColor":"","majorTMAlpha":"","majorTMHeight":"","majorTMThickness":"","minorTMNumber":"","minorTMColor":"","minorTMAlpha":"","minorTMHeight":"","minorTMThickness":"","tickMarkDistance":"","tickValueDistance":"","trendValueDistance":"","tickValueStep":"","tickValueDecimals":"","forceTickValueDecimals":"","numberPrefix":"","numberSuffix":"","bgColor":"","bgAlpha":"","bgTransparent":true,"bgImage":"","showLegend":true,"legendBgColor":"","legendBgAlpha":"","legendBorderThickness":"","showBorder":"","borderColor":"","borderThickness":"","borderAlpha":"","palette":"","useRoundEdges":"","chartTopMargin":"","chartBottomMargin":"","chartLeftMargin":"","chartRightMargin":"","valuePadding":"","numberScaleValue":"","numberScaleUnit":"","enableSmartLabels":"","rotateValues":"","showCanvasBg":"","canvasBorderColor":"","canvasBorderThickness":"","canvasBorderAlpha":"","canvasBgColor":"","canvasBgAlpha":"","canvasBgRatio":"","canvasBgAngle":"","canvasPadding":"","plotGradientColor":"","showPlotBorder":"","rangeValues":{"rows":[{"id":1,"data":["1",null,1000],"ind":1},{"id":2,"data":["2",null,2000],"ind":2},{"id":3,"data":["3",null,3000],"ind":3}]}}},"WiziCore_UI_ListMobileWidget":{"default":{"pWidth":90,"opacity":1,"imageAsThumbnail":"","useImage":"","useCount":"","inset":true,"htmlLabel":true,"useFilter":"","numbered":"","readOnlyList":true,"useAside":"","margin":"6px 0px 0px 0px","mobileTheme":"d","dividerTheme":"b","countTheme":"c"}},"WiziCore_UI_SubmitButtonMobileWidget":{"default":{"pWidth":"","opacity":"","margin":"","mobileTheme":"a","icon":"home","iconPosition":"left"}},"WiziCore_UI_TextAreaMobileWidget":{"default":{"pWidth":"","minWidth":"","maxWidth":"","opacity":"","font":"normal 12px verdana","margin":"","mobileTheme":"c"}},"TextMobile":{"default":{"pWidth":"","minWidth":"","maxWidth":"","opacity":1,"margin":"","mobileTheme":"c"}},"WiziCore_UI_SliderMobileWidget":{"default":{"pWidth":"","minWidth":"","maxWidth":"","opacity":1,"margin":"","mobileTheme":"c"}},"WiziCore_UI_ExpandedRadioMobileWidget":{"default":{"pWidth":"","minWidth":"","maxWidth":"","opacity":"","margin":"","mobileTheme":"c"}},"WiziCore_UI_TabWidget":{"default":{"pWidth":"","minWidth":"","maxWidth":"","opacity":1,"shadow":"","font":"","border":"","borderRadius":"0","margin":"","bgColor":"","menuFontColor":"","menuBGColor":"","tabBGColors":{"useColors":true,"colors":["#dddddd","#eeeeee"]},"hourglassImage":"Default"}},"WiziCore_UI_TimelineWidget":{"default":{"pWidth":"","minWidth":"","maxWidth":"","opacity":1,"margin":"","border":"","shadow":"","bgColor":"","treeBG":"#FFFFEE","timelineBG":"#EEEEEE","gridLineColor":"#666666","gridLineOpacity":0.25,"timelineLabelColor":"#AAAAAA","timelineItemColor":"#000000","verticalAlign":"","treeItemColor":"#000000","treeFont":"","timelineItemFont":"","timelineXFont":"","timelineXColor":"","treeIconSize":"16","timelineIconSize":"10","treeNodeIcon":"","treeLeafIcon":"","timelineEventIcon":""}},"RepeatContainer":{"default":{"pWidth":"","minWidth":"","maxWidth":"","border":"1px solid gray","borderRadius":"","margin":"","bgColor":"","blockBgColor":"","blockAlternativeBgColor":"","blockBorder":"","blockAlternativeBorder":"","blockBorderRadius":"","blockAlternativeBorderRadius":"","separatingLineWidth":"","separatingLineColor":"#000000","backgroundImage":"","backgroundRepeat":"","opacity":1,"hourglassImage":"Default"}},"WiziCore770bcd0d28944f4b8381826f90c42bc4":{"default":{"pWidth":"","opacity":"","margin":""}},"WiziCore_UI_PageButtonWidget":{"default":{"pWidth":"","minWidth":"","maxWidth":"","opacity":1,"shadow":"","font":"normal 12px verdana","fontColor":"black","margin":"","border":"1px solid gray","borderRadius":"0","bgColor":"#f7f7f7","hourglassImage":"Default"}},"WiziCore_UI_SearchWidget":{"default":{"pWidth":"","minWidth":"","maxWidth":"","opacity":1,"shadow":"","font":"normal 12px verdana","fontColor":"black","margin":"","border":"1px solid gray","borderRadius":"0","bgColor":"#f7f7f7","btnColor":"","btnFont":"","btnBgColor":"","hourglassImage":"Default"}},"WiziCore_UI_WysiwygWidget":{"default":{"pWidth":"","minWidth":"","maxWidth":"","opacity":1,"hrefColor":"","border":"","margin":"","shadow":"","hourglassImage":"Default"}},"WiziCore_UI_SignUpButtonWidget":{"default":{"pWidth":"","minWidth":"","maxWidth":"","opacity":1,"shadow":"","font":"normal 12px verdana","fontColor":"black","margin":"","border":"1px solid gray","borderRadius":"0","bgColor":"#f7f7f7","hourglassImage":"Default"}},"WiziCore_UI_SignInButtonWidget":{"default":{"pWidth":"","minWidth":"","maxWidth":"","opacity":1,"shadow":"","font":"normal 12px verdana","fontColor":"black","margin":"","border":"1px solid gray","borderRadius":"0","bgColor":"#f7f7f7","hourglassImage":"Default"}},"WiziCore_UI_CaptchaWidget":{"default":{"pWidth":"","minWidth":"","maxWidth":"","maxHeight":"","opacity":1,"font":"normal 13px Verdana","margin":"","border":"0px none","borderRadius":"0","padLeft":20,"padRight":5,"hourglassImage":"Default"}},"WiziCore_UI_PasswordWidget":{"default":{"pWidth":"","minWidth":"","maxWidth":"","opacity":1,"shadow":"","font":"normal 12px verdana","fontColor":"black","margin":"","border":"1px solid gray","borderRadius":"0","bgColor":"#f7f7f7","hourglassImage":"Default"}},"WiziCore_UI_MenuAdvancedWidget":{"default":{"opacity":1,"margin":"","textColors":{"useColors":true,"colors":["#aaaaaa","#aaaaaa","#222222","#222222","#fff"]},"bgColors":{"useColors":true,"colors":["#101010","#fff","#000","#fff","#000"]}}},"SearchMobile":{"default":{"pWidth":"","minWidth":"","maxWidth":"","opacity":1,"margin":"","mobileTheme":"c"}},"MediaElementVideo":{"default":{"pWidth":"","minWidth":"","maxWidth":"","opacity":0.8,"margin":"","border":"1px solid gray","bgColor":"#000000"}},"Photoswipe":{"default":{"pWidth":"","minWidth":"","maxWidth":"","opacity":1,"margin":"","border":"1px solid gray","bgColor":"#ffffff","columnWidth":"33"}},"WiziCore_UI_IFrameWidget":{"default":{"pWidth":"","minWidth":"","maxWidth":"","opacity":1,"shadow":"","margin":"","border":"","bgColor":"","hourglassImage":"Default"}},"WiziCore_UI_LabelMobileWidget":{"default":{"pWidth":"","minWidth":"","maxWidth":"","maxHeight":"","opacity":1,"paragraphSpacing":"","margin":"","mobileTheme":"c","hourglassImage":"Default"}},"WiziCore_UI_PopupListboxMobileWidget":{"default":{"pWidth":"","minWidth":"","maxWidth":"","opacity":1,"margin":"","mobileTheme":"c"}},"MediaElementAudio":{"default":{"pWidth":"","minWidth":"","maxWidth":"","opacity":0.8,"margin":"","border":"1px solid gray","bgColor":"#000000"}},"DatePicker":{"default":{"pWidth":"","minWidth":"","maxWidth":"","opacity":1,"shadow":"","font":"normal 12px verdana","fontColor":"black","margin":"","border":"1px solid gray","bgColor":"#f7f7f7","hourglassImage":"Default"}},"WiziCore_UI_GroupWidget":{"default":{"pWidth":"","minWidth":"","maxWidth":"","maxHeight":"","opacity":1,"margin":"","hourglassImage":"Default"}},"WiziCore_UI_ColorPickerWidget":{"default":{"pWidth":"","minWidth":"","maxWidth":"","opacity":1,"shadow":"","margin":"","border":"","borderRadius":"","hourglassImage":"Default"}},"WiziCore_UI_FlipToggleSwitchMobileWidget":{"default":{"pWidth":"","minWidth":"","maxWidth":"","opacity":1,"margin":"","mobileTheme":"c"}},"WiziCore_UI_EmbedAppWidget":{"default":{"pWidth":"","minWidth":"","maxWidth":"","maxHeight":"","opacity":1,"margin":"","border":"1px solid #000000","hourglassImage":"Default"}},"HTML5Video":{"default":{"pWidth":"","minWidth":"","maxWidth":"","opacity":0.8,"margin":"","border":"","bgColor":"#000000"}},"Mobiscroll":{"default":{"pWidth":"","minWidth":"","maxWidth":"","opacity":1,"margin":"","mobileTheme":"c"}},"Calendar":{"default":{"pWidth":"","minWidth":200,"maxWidth":"","bgColor":"","opacity":1,"border":"","borderRadius":"","margin":"","shadow":"","font":"normal 12px Arial","prevMonthDaysColor":"","nextMonthDaysColor":"","todayColor":"","eventDayColor":"#3d3df5","weekendsColor":"","disabledDaysColor":"","selectionBgColor":"","hoverDayBgColor":"","dayBorderTopColor":"","dayBorderRightColor":"","dayBorderBottomColor":"","dayBorderLeftColor":""}},"WiziCore_UI_ContextMenuMobileWidget":{"default":{"mobileTheme":"c"}},"MobileUploadButton":{"default":{"selectFileText":"Select File","startUploadText":"Start Upload","stopUploadText":"Stop Upload","fileTypes":"","fileSources":{"library":true,"image":true,"video":true,"audio":true},"pWidth":"","minWidth":"","maxWidth":"","opacity":1,"margin":"","mobileTheme":"c","icon":"none","iconPosition":"left"}},"Youtube":{"default":{"pWidth":"","minWidth":"","maxWidth":"","playerTheme":"dark","opacity":1,"margin":"","bgColor":"#cccccc"}},"FancyButton":{"default":{"opacity":1}},"UploadButton":{"default":{"selectFileText":"Select File","startUploadText":"Start Upload","stopUploadText":"Stop Upload","fileTypes":"","pWidth":"","minWidth":"","maxWidth":"","opacity":1,"font":"normal 12px verdana","fontColor":"black","margin":"","bgColor":"#f7f7f7","border":"1px solid gray","borderRadius":"0"}},"WiziCore_UI_SubmitButtonWidget":{"default":{"pWidth":"","minWidth":"","maxWidth":"","opacity":1,"shadow":"","font":"normal 12px verdana","fontColor":"black","margin":"","border":"1px solid gray","borderRadius":"0","bgColor":"#f7f7f7","displayHourglassOver":"inherit","hourglassImage":"Default","customCssClasses":""}},"MobiscrollList":{"default":{"pWidth":"","minWidth":"","maxWidth":"","opacity":1,"margin":"","mobileTheme":"c","customCssClasses":""}},"WiziCore_UI_WeatherWidget":{"default":{"pWidth":"","minWidth":"","maxWidth":"","maxHeight":"","opacity":1,"font":"","fontColor":"","margin":"","border":"","borderRadius":"","bgColor":"","customCssClasses":""}},"GoogleMapsAdvanced":{"default":{"pWidth":"","minWidth":"","maxWidth":"","opacity":1,"border":"","shadow":"","margin":"","bgColor":"","customCssClasses":""}},"Scandit":{"default":{"opacity":1,"margin":"","customCssClasses":""}}},"widgetScripts":["Resources\/widgetsmsLmobile123506729.js"],"widgetCsses":[]}